{
    "loss": 7.387472152709961,
    "accuracy": 0.517241358757019
}