{
    "loss": 4.431874752044678,
    "accuracy": 0.5086206793785095
}